Wiley LLC,6531235360554,Michelle Craig
Bonilla PLC,5826598182359,Evelyn Stephens
Jensen LLC,9603076736784,Christopher Chandler
Vincent Inc,1022341926234,Larry Chapman
Stevenson-Bruce,8741300943670,John Walsh
Riley Ltd,6190780099429,Ashley Shaffer
'Green, Lee and Ryan',7359924624831,Dr. Michael Lawrence
Mendoza LLC,0697439273980,Christopher Reed
Allen-Rodriguez,0006719087305,Christopher Smith
Wilson-Evans,3441405063310,Bruce Rodriguez
Morgan-Arias,0254957138629,Travis Gutierrez
Johnson Inc,4266001755869,Allen Harris
Donaldson PLC,4589523015804,Suzanne Howard
Wagner and Sons,8007572417382,Robert Lee
Mccormick-Munoz,1180857953845,Jennifer Payne
Lee Inc,5618103483552,Tracy Torres
'Woods, Armstrong and Williams',2405403935169,Taylor Walker
'Thomas, Casey and Richard',2117598839923,Carlos Reed
'Sanchez, Phillips and Clark',9744184209109,Teresa Simpson
Carter LLC,8931039801237,Karen King
'Fritz, Lowe and Contreras',5124859237943,Samuel Evans
Mccarthy-Montgomery,4914486664183,Kathleen Walls
Adams-Garcia,0723152453609,Jerry Valencia
Jones and Sons,3284476575440,Barbara Young
Young Group,9434843402992,Crystal Patrick
Oconnor-Elliott,9770892826280,Mark Guerrero
'Jones, Pham and Hudson',9612608822034,Ronald Austin
'Marshall, Ferguson and Cox',5836829651771,Bryan Mcintyre
Tucker-Gaines,3504680972040,James Rogers
'Carroll, Melendez and Martin',1800969890938,Debra Greer
'Garcia, Mitchell and Mccoy',7244316985427,Mark Hensley
'Tran, Ellison and Dunn',2052556997228,Jonathan Franklin
May-Pennington,8287898036814,Lisa Ward
'Kennedy, Frank and Anderson',7996578863987,Cindy Patton
'Pena, White and Shaw',3219117139503,Christopher Mason Jr.
Archer-Clark,3339202469550,Shannon Mills
Miller-Moore,5558121469509,Allison Wood
Marquez-Perez,9154718117531,Richard Moreno
Spencer Inc,2125203019645,Mark Miller
'Mcdowell, Hernandez and Allen',9944879577435,Kathleen Heath
'Shepard, Cobb and Goodwin',9370234533519,Amber Nguyen
Marshall Ltd,8239523673072,Daniel Lee
Christian Ltd,0541143389193,Amanda Taylor
'Booth, George and Anderson',6849925987624,Jeffrey Walker
Palmer-Thompson,2931405455203,Jeffrey Myers
'Pittman, Molina and Bell',5493229891338,Melissa Reed
Jones Inc,2011554871932,Shannon Garcia
Johnson-Williamson,4600408129037,Jennifer Gomez
'Franco, Morales and Maxwell',7407128996032,Cheryl Park
Santos-Sawyer,9349919755158,Shannon Murray
Bray-Ramos,9903882278068,Derek Short
'Booth, Rodriguez and Murphy',2451986213628,Stephanie Cisneros
Miller Inc,7896558039262,Eric Cox
'Lambert, Mcconnell and Cooley',4211990048917,Justin Ruiz
'Baker, Mayer and Rivera',7352608285593,Nicholas Miller
'Clarke, Whitaker and Pena',5450298198414,Louis Becker
Gregory Inc,0960302606425,Julie Cooper
Williams Group,5337773604711,Stephanie Wise
'Davis, Davis and Hobbs',8548861117822,Katherine Mullins
Richardson Group,4524396466285,Justin Carter
Morales Ltd,5767605230642,Hector Griffin
'Soto, Camacho and Solis',5228363447951,Kristin Edwards
Jones PLC,5808943004961,Kristi Green
Silva and Sons,3754700106563,Aaron Perry
'Graham, Campbell and Mckay',2530286342304,Veronica Williams
'Perkins, Gutierrez and Cruz',9832479724756,Randall Torres
'Owens, Mercer and Skinner',5437719802908,Alyssa Benson
Jones-Griffith,3408665842722,Alan Mcdaniel
Robinson Inc,1732960366560,Mrs. Tina Evans
Edwards and Sons,7775239877127,James Mcmahon
Little-Lucero,4899854967135,Robert Anderson
'Lawrence, Hawkins and Green',3318645902883,Erika Thompson
Hamilton-Davila,5412200332515,Olivia Strong
Bowen Ltd,9826646866830,Brian Schmidt
Daniel PLC,2802015833558,Douglas Wilson
Rodriguez-Valdez,6581589383887,Kristin Martinez
Rose-Potter,2338373358244,Tim Robinson
'Torres, Kelly and Miller',4628921276524,Elizabeth Bennett
Huerta-Smith,9327729727527,Jennifer Lewis
Strickland and Sons,0002690500635,Andrew Mcpherson
'Clay, Davis and Wright',8674162849340,Richard Smith
Frank-Thomas,3265177130516,Ashley Allen
'Cohen, Koch and Stephenson',3430007725214,Ronnie Frank
Stanton LLC,5836204077034,Laura Alexander
'Martinez, Young and Brown',3517951881853,Ryan Hamilton
Sanders Group,4006106479850,Lori Campbell
Hill-Mckay,5635205238128,Ronnie Cook
Le-Shepard,0445593651213,Aaron Kelly
Rosales-Torres,3318770176750,Paul Reyes
Davis-Blackwell,9439694053329,Mark Neal
Campbell and Sons,7148032240052,Patrick Colon
Hunter Ltd,7619360309268,Devin Jones
Sanders-Boyd,1614709364775,Robert Meyer
'Rojas, Porter and Holt',3801461097762,Mike Wilson
Mitchell Group,1633560279248,Angela Jones
'Green, Hardin and Hernandez',9764969325213,Nicole Ward
Harris-Williams,4900430456273,Philip Campos
Ware-Thomas,0181540228324,Kimberly Cunningham
Edwards LLC,9007753163425,Dawn Sanchez
'Berger, Peterson and Trujillo',6870497056343,Kim Price
